#  Watauga County, North Carolina Precipitation
# Units: Inches
# Base Period: 1900-2024
# Missing: -99
Date,Value,Anomaly
189501,5.23,1.24
189502,1.91,-1.90
189503,4.32,-0.47
189504,4.09,-0.29
189505,3.21,-1.62
189506,2.92,-1.91
189507,5.72,0.27
189508,5.31,0.05
189509,1.51,-2.99
189510,1.66,-2.29
189511,2.84,-0.91
189512,3.12,-0.81
189601,1.88,-2.11
189602,4.29,0.48
189603,4.80,0.01
189604,2.35,-2.03
189605,3.10,-1.73
189606,5.86,1.03
189607,9.15,3.70
189608,2.60,-2.66
189609,7.29,2.79
189610,1.29,-2.66
189611,7.99,4.24
189612,1.68,-2.25
189701,2.94,-1.05
189702,7.17,3.36
189703,7.94,3.15
189704,4.71,0.33
189705,3.58,-1.25
189706,5.54,0.71
189707,4.83,-0.62
189708,3.26,-2.00
189709,2.22,-2.28
189710,2.38,-1.57
189711,2.74,-1.01
189712,3.64,-0.29
189801,4.50,0.51
189802,0.83,-2.98
189803,5.08,0.29
189804,3.37,-1.01
189805,4.62,-0.21
189806,4.30,-0.53
189807,7.69,2.24
189808,6.58,1.32
189809,7.26,2.76
189810,7.15,3.20
189811,3.52,-0.23
189812,3.40,-0.53
189901,3.74,-0.25
189902,7.51,3.70
189903,12.51,7.72
189904,4.26,-0.12
189905,4.86,0.03
189906,4.30,-0.53
189907,3.52,-1.93
189908,4.65,-0.61
189909,4.09,-0.41
189910,1.63,-2.32
189911,1.47,-2.28
189912,3.31,-0.62
190001,2.53,-1.46
190002,7.62,3.81
190003,5.11,0.32
190004,3.89,-0.49
190005,2.49,-2.34
190006,8.17,3.34
190007,3.86,-1.59
190008,2.56,-2.70
190009,4.02,-0.48
190010,6.66,2.71
190011,5.32,1.57
190012,4.01,0.08
190101,3.96,-0.03
190102,1.79,-2.02
190103,6.36,1.57
190104,9.32,4.94
190105,10.11,5.28
190106,8.73,3.90
190107,2.54,-2.91
190108,18.15,12.89
190109,4.27,-0.23
190110,1.63,-2.32
190111,1.04,-2.71
190112,8.28,4.35
190201,2.33,-1.66
190202,6.78,2.97
190203,4.89,0.10
190204,1.81,-2.57
190205,2.10,-2.73
190206,6.32,1.49
190207,3.19,-2.26
190208,2.63,-2.63
190209,5.47,0.97
190210,4.04,0.09
190211,4.48,0.73
190212,3.77,-0.16
190301,4.05,0.06
190302,8.93,5.12
190303,8.82,4.03
190304,5.18,0.80
190305,1.83,-3.00
190306,6.38,1.55
190307,4.12,-1.33
190308,4.90,-0.36
190309,1.97,-2.53
190310,2.41,-1.54
190311,3.78,0.03
190312,1.62,-2.31
190401,2.31,-1.68
190402,3.08,-0.73
190403,4.99,0.20
190404,2.25,-2.13
190405,5.68,0.85
190406,4.86,0.03
190407,5.03,-0.42
190408,5.77,0.51
190409,2.26,-2.24
190410,0.07,-3.88
190411,3.81,0.06
190412,3.12,-0.81
190501,3.35,-0.64
190502,4.80,0.99
190503,1.83,-2.96
190504,3.16,-1.22
190505,7.27,2.44
190506,4.89,0.06
190507,10.80,5.35
190508,5.22,-0.04
190509,2.29,-2.21
190510,3.60,-0.35
190511,0.56,-3.19
190512,6.21,2.28
190601,7.86,3.87
190602,1.27,-2.54
190603,4.66,-0.13
190604,2.35,-2.03
190605,3.31,-1.52
190606,7.23,2.40
190607,6.81,1.36
190608,7.86,2.60
190609,5.16,0.66
190610,4.88,0.93
190611,4.39,0.64
190612,3.65,-0.28
190701,0.56,-3.43
190702,2.35,-1.46
190703,3.06,-1.73
190704,3.96,-0.42
190705,4.02,-0.81
190706,8.22,3.39
190707,5.10,-0.35
190708,3.76,-1.50
190709,5.10,0.60
190710,1.54,-2.41
190711,4.18,0.43
190712,5.53,1.60
190801,4.27,0.28
190802,4.47,0.66
190803,4.35,-0.44
190804,5.68,1.30
190805,4.58,-0.25
190806,5.19,0.36
190807,8.07,2.62
190808,7.38,2.12
190809,1.98,-2.52
190810,6.06,2.11
190811,1.77,-1.98
190812,4.84,0.91
190901,2.88,-1.11
190902,4.63,0.82
190903,6.38,1.59
190904,3.51,-0.87
190905,5.43,0.60
190906,7.57,2.74
190907,5.51,0.06
190908,5.06,-0.20
190909,4.77,0.27
190910,3.62,-0.33
190911,0.86,-2.89
190912,3.67,-0.26
191001,3.76,-0.23
191002,3.64,-0.17
191003,1.12,-3.67
191004,2.91,-1.47
191005,4.19,-0.64
191006,8.48,3.65
191007,5.45,0.00
191008,6.91,1.65
191009,4.13,-0.37
191010,4.17,0.22
191011,1.28,-2.47
191012,3.76,-0.17
191101,3.68,-0.31
191102,2.69,-1.12
191103,5.56,0.77
191104,6.16,1.78
191105,1.98,-2.85
191106,2.93,-1.90
191107,3.34,-2.11
191108,5.43,0.17
191109,3.78,-0.72
191110,6.44,2.49
191111,4.66,0.91
191112,4.32,0.39
191201,2.55,-1.44
191202,3.95,0.14
191203,7.64,2.85
191204,4.70,0.32
191205,5.30,0.47
191206,4.74,-0.09
191207,7.02,1.57
191208,2.16,-3.10
191209,5.26,0.76
191210,1.64,-2.31
191211,2.61,-1.14
191212,2.25,-1.68
191301,4.21,0.22
191302,3.64,-0.17
191303,9.19,4.40
191304,3.24,-1.14
191305,6.20,1.37
191306,4.29,-0.54
191307,3.64,-1.81
191308,6.87,1.61
191309,6.77,2.27
191310,3.85,-0.10
191311,2.35,-1.40
191312,3.30,-0.63
191401,3.14,-0.85
191402,3.32,-0.49
191403,4.63,-0.16
191404,4.35,-0.03
191405,1.47,-3.36
191406,2.76,-2.07
191407,5.80,0.35
191408,5.36,0.10
191409,2.78,-1.72
191410,5.63,1.68
191411,4.29,0.54
191412,8.15,4.22
191501,5.30,1.31
191502,4.32,0.51
191503,2.72,-2.07
191504,1.75,-2.63
191505,5.25,0.42
191506,3.78,-1.05
191507,4.15,-1.30
191508,7.54,2.28
191509,5.48,0.98
191510,3.02,-0.93
191511,3.98,0.23
191512,5.65,1.72
191601,3.86,-0.13
191602,3.90,0.09
191603,3.47,-1.32
191604,2.00,-2.38
191605,3.69,-1.14
191606,5.98,1.15
191607,13.64,8.19
191608,5.63,0.37
191609,4.00,-0.50
191610,3.95,0.00
191611,1.42,-2.33
191612,3.00,-0.93
191701,4.80,0.81
191702,2.84,-0.97
191703,7.97,3.18
191704,3.92,-0.46
191705,2.57,-2.26
191706,3.77,-1.06
191707,6.88,1.43
191708,3.61,-1.65
191709,4.23,-0.27
191710,3.95,0.00
191711,0.63,-3.12
191712,1.94,-1.99
191801,6.19,2.20
191802,1.47,-2.34
191803,3.01,-1.78
191804,5.41,1.03
191805,4.51,-0.32
191806,6.28,1.45
191807,5.34,-0.11
191808,4.31,-0.95
191809,4.81,0.31
191810,12.15,8.20
191811,2.45,-1.30
191812,5.51,1.58
191901,5.66,1.67
191902,3.48,-0.33
191903,3.59,-1.20
191904,4.34,-0.04
191905,7.07,2.24
191906,5.67,0.84
191907,5.47,0.02
191908,4.24,-1.02
191909,2.03,-2.47
191910,4.97,1.02
191911,2.01,-1.74
191912,3.80,-0.13
192001,2.65,-1.34
192002,3.57,-0.24
192003,6.00,1.21
192004,5.61,1.23
192005,2.65,-2.18
192006,5.28,0.45
192007,5.01,-0.44
192008,10.29,5.03
192009,5.77,1.27
192010,0.56,-3.39
192011,4.94,1.19
192012,5.21,1.28
192101,3.98,-0.01
192102,3.86,0.05
192103,2.57,-2.22
192104,4.54,0.16
192105,4.00,-0.83
192106,3.76,-1.07
192107,7.31,1.86
192108,5.82,0.56
192109,3.22,-1.28
192110,4.24,0.29
192111,3.48,-0.27
192112,2.09,-1.84
192201,4.25,0.26
192202,4.07,0.26
192203,6.79,2.00
192204,4.18,-0.20
192205,5.21,0.38
192206,4.88,0.05
192207,8.24,2.79
192208,3.44,-1.82
192209,1.13,-3.37
192210,4.76,0.81
192211,0.99,-2.76
192212,5.36,1.43
192301,4.64,0.65
192302,2.89,-0.92
192303,5.73,0.94
192304,3.57,-0.81
192305,6.97,2.14
192306,5.38,0.55
192307,5.93,0.48
192308,5.68,0.42
192309,3.03,-1.47
192310,1.58,-2.37
192311,3.73,-0.02
192312,3.67,-0.26
192401,5.79,1.80
192402,3.38,-0.43
192403,3.73,-1.06
192404,5.97,1.59
192405,5.19,0.36
192406,4.53,-0.30
192407,6.05,0.60
192408,5.61,0.35
192409,8.07,3.57
192410,1.31,-2.64
192411,1.73,-2.02
192412,3.93,0.00
192501,3.91,-0.08
192502,2.52,-1.29
192503,2.44,-2.35
192504,3.85,-0.53
192505,2.46,-2.37
192506,4.49,-0.34
192507,1.95,-3.50
192508,1.42,-3.84
192509,1.80,-2.70
192510,4.42,0.47
192511,3.75,0.00
192512,1.82,-2.11
192601,5.40,1.41
192602,3.54,-0.27
192603,3.99,-0.80
192604,2.63,-1.75
192605,2.91,-1.92
192606,3.71,-1.12
192607,4.99,-0.46
192608,6.94,1.68
192609,3.59,-0.91
192610,3.39,-0.56
192611,5.96,2.21
192612,5.31,1.38
192701,2.70,-1.29
192702,5.52,1.71
192703,3.13,-1.66
192704,5.56,1.18
192705,5.19,0.36
192706,4.46,-0.37
192707,6.54,1.09
192708,4.77,-0.49
192709,1.98,-2.52
192710,3.29,-0.66
192711,4.61,0.86
192712,6.78,2.85
192801,2.37,-1.62
192802,2.10,-1.71
192803,4.54,-0.25
192804,4.83,0.45
192805,6.87,2.04
192806,6.53,1.70
192807,3.37,-2.08
192808,12.40,7.14
192809,9.10,4.60
192810,4.39,0.44
192811,1.86,-1.89
192812,1.76,-2.17
192901,2.85,-1.14
192902,4.68,0.87
192903,7.08,2.29
192904,3.85,-0.53
192905,7.20,2.37
192906,5.94,1.11
192907,7.87,2.42
192908,2.38,-2.88
192909,5.94,1.44
192910,8.65,4.70
192911,4.03,0.28
192912,2.48,-1.45
193001,2.41,-1.58
193002,1.18,-2.63
193003,4.09,-0.70
193004,2.19,-2.19
193005,4.88,0.05
193006,3.07,-1.76
193007,2.85,-2.60
193008,5.35,0.09
193009,5.32,0.82
193010,2.04,-1.91
193011,4.04,0.29
193012,3.67,-0.26
193101,2.09,-1.90
193102,2.06,-1.75
193103,4.16,-0.63
193104,5.63,1.25
193105,5.50,0.67
193106,3.46,-1.37
193107,7.21,1.76
193108,6.34,1.08
193109,2.56,-1.94
193110,1.16,-2.79
193111,1.36,-2.39
193112,6.58,2.65
193201,5.08,1.09
193202,4.15,0.34
193203,5.24,0.45
193204,3.90,-0.48
193205,5.15,0.32
193206,4.89,0.06
193207,3.74,-1.71
193208,3.96,-1.30
193209,3.00,-1.50
193210,9.43,5.48
193211,3.70,-0.05
193212,6.67,2.74
193301,3.37,-0.62
193302,4.82,1.01
193303,3.13,-1.66
193304,4.89,0.51
193305,7.85,3.02
193306,2.33,-2.50
193307,7.19,1.74
193308,4.24,-1.02
193309,3.22,-1.28
193310,1.84,-2.11
193311,1.14,-2.61
193312,2.39,-1.54
193401,2.24,-1.75
193402,3.02,-0.79
193403,6.57,1.78
193404,4.45,0.07
193405,3.27,-1.56
193406,5.05,0.22
193407,7.21,1.76
193408,6.20,0.94
193409,4.26,-0.24
193410,3.62,-0.33
193411,7.02,3.27
193412,2.95,-0.98
193501,5.58,1.59
193502,2.74,-1.07
193503,8.04,3.25
193504,5.77,1.39
193505,5.05,0.22
193506,3.76,-1.07
193507,8.51,3.06
193508,5.08,-0.18
193509,3.08,-1.42
193510,2.93,-1.02
193511,4.79,1.04
193512,2.46,-1.47
193601,7.14,3.15
193602,3.71,-0.10
193603,6.17,1.38
193604,5.53,1.15
193605,1.61,-3.22
193606,3.28,-1.55
193607,5.18,-0.27
193608,7.31,2.05
193609,5.78,1.28
193610,5.79,1.84
193611,1.75,-2.00
193612,5.05,1.12
193701,9.63,5.64
193702,3.83,0.02
193703,1.73,-3.06
193704,4.25,-0.13
193705,3.83,-1.00
193706,4.23,-0.60
193707,5.30,-0.15
193708,8.86,3.60
193709,3.66,-0.84
193710,9.58,5.63
193711,3.00,-0.75
193712,2.79,-1.14
193801,3.57,-0.42
193802,3.20,-0.61
193803,4.48,-0.31
193804,3.34,-1.04
193805,7.02,2.19
193806,5.05,0.22
193807,8.75,3.30
193808,4.09,-1.17
193809,3.06,-1.44
193810,0.39,-3.56
193811,6.71,2.96
193812,2.02,-1.91
193901,4.21,0.22
193902,6.35,2.54
193903,3.12,-1.67
193904,3.17,-1.21
193905,2.34,-2.49
193906,4.48,-0.35
193907,7.87,2.42
193908,6.31,1.05
193909,1.78,-2.72
193910,1.33,-2.62
193911,1.55,-2.20
193912,2.52,-1.41
194001,2.30,-1.69
194002,3.60,-0.21
194003,3.38,-1.41
194004,4.57,0.19
194005,3.96,-0.87
194006,5.53,0.70
194007,7.16,1.71
194008,16.05,10.79
194009,0.70,-3.80
194010,2.34,-1.61
194011,3.18,-0.57
194012,3.62,-0.31
194101,1.73,-2.26
194102,1.30,-2.51
194103,3.39,-1.40
194104,2.92,-1.46
194105,1.91,-2.92
194106,4.63,-0.20
194107,10.73,5.28
194108,2.67,-2.59
194109,1.85,-2.65
194110,1.50,-2.45
194111,2.80,-0.95
194112,4.55,0.62
194201,2.94,-1.05
194202,3.44,-0.37
194203,4.67,-0.12
194204,1.42,-2.96
194205,7.51,2.68
194206,7.55,2.72
194207,4.75,-0.70
194208,7.79,2.53
194209,8.43,3.93
194210,2.66,-1.29
194211,2.34,-1.41
194212,5.68,1.75
194301,4.12,0.13
194302,3.28,-0.53
194303,4.59,-0.20
194304,4.37,-0.01
194305,5.01,0.18
194306,4.32,-0.51
194307,7.79,2.34
194308,1.92,-3.34
194309,2.85,-1.65
194310,1.10,-2.85
194311,2.61,-1.14
194312,2.87,-1.06
194401,2.82,-1.17
194402,6.66,2.85
194403,6.66,1.87
194404,3.41,-0.97
194405,3.65,-1.18
194406,1.72,-3.11
194407,5.08,-0.37
194408,4.48,-0.78
194409,7.70,3.20
194410,4.35,0.40
194411,3.41,-0.34
194412,2.64,-1.29
194501,2.54,-1.45
194502,4.80,0.99
194503,4.22,-0.57
194504,5.73,1.35
194505,6.96,2.13
194506,4.07,-0.76
194507,6.43,0.98
194508,3.44,-1.82
194509,11.20,6.70
194510,3.31,-0.64
194511,3.47,-0.28
194512,4.32,0.39
194601,5.54,1.55
194602,3.24,-0.57
194603,5.46,0.67
194604,2.82,-1.56
194605,5.60,0.77
194606,1.88,-2.95
194607,5.73,0.28
194608,2.61,-2.65
194609,2.95,-1.55
194610,3.69,-0.26
194611,2.18,-1.57
194612,2.06,-1.87
194701,7.16,3.17
194702,1.53,-2.28
194703,3.56,-1.23
194704,2.50,-1.88
194705,2.99,-1.84
194706,6.72,1.89
194707,3.33,-2.12
194708,7.44,2.18
194709,4.25,-0.25
194710,8.31,4.36
194711,6.85,3.10
194712,1.21,-2.72
194801,2.84,-1.15
194802,3.90,0.09
194803,5.31,0.52
194804,3.54,-0.84
194805,3.36,-1.47
194806,4.93,0.10
194807,5.18,-0.27
194808,5.87,0.61
194809,5.94,1.44
194810,1.32,-2.63
194811,9.40,5.65
194812,4.44,0.51
194901,3.28,-0.71
194902,3.02,-0.79
194903,4.11,-0.68
194904,5.78,1.40
194905,4.24,-0.59
194906,5.48,0.65
194907,8.62,3.17
194908,10.95,5.69
194909,3.18,-1.32
194910,4.90,0.95
194911,3.13,-0.62
194912,2.77,-1.16
195001,4.06,0.07
195002,3.62,-0.19
195003,5.14,0.35
195004,1.45,-2.93
195005,7.27,2.44
195006,5.63,0.80
195007,5.46,0.01
195008,5.88,0.62
195009,4.85,0.35
195010,2.27,-1.68
195011,2.35,-1.40
195012,5.05,1.12
195101,2.54,-1.45
195102,3.04,-0.77
195103,5.57,0.78
195104,4.13,-0.25
195105,2.53,-2.30
195106,6.01,1.18
195107,5.15,-0.30
195108,2.75,-2.51
195109,3.30,-1.20
195110,1.77,-2.18
195111,4.57,0.82
195112,5.35,1.42
195201,4.28,0.29
195202,3.20,-0.61
195203,6.88,2.09
195204,3.65,-0.73
195205,2.91,-1.92
195206,3.21,-1.62
195207,2.94,-2.51
195208,6.78,1.52
195209,1.57,-2.93
195210,1.11,-2.84
195211,4.72,0.97
195212,3.33,-0.60
195301,4.78,0.79
195302,5.21,1.40
195303,5.63,0.84
195304,2.54,-1.84
195305,3.46,-1.37
195306,5.33,0.50
195307,4.32,-1.13
195308,2.34,-2.92
195309,4.10,-0.40
195310,1.11,-2.84
195311,1.74,-2.01
195312,4.23,0.30
195401,6.86,2.87
195402,3.03,-0.78
195403,6.15,1.36
195404,3.40,-0.98
195405,4.60,-0.23
195406,1.99,-2.84
195407,3.98,-1.47
195408,3.80,-1.46
195409,1.75,-2.75
195410,2.82,-1.13
195411,3.98,0.23
195412,4.21,0.28
195501,1.84,-2.15
195502,4.73,0.92
195503,7.66,2.87
195504,6.07,1.69
195505,3.84,-0.99
195506,3.36,-1.47
195507,5.64,0.19
195508,5.77,0.51
195509,2.04,-2.46
195510,2.76,-1.19
195511,2.85,-0.90
195512,1.62,-2.31
195601,1.90,-2.09
195602,6.65,2.84
195603,4.64,-0.15
195604,5.69,1.31
195605,3.14,-1.69
195606,2.19,-2.64
195607,6.61,1.16
195608,2.07,-3.19
195609,7.08,2.58
195610,3.72,-0.23
195611,2.84,-0.91
195612,3.48,-0.45
195701,6.20,2.21
195702,6.65,2.84
195703,2.58,-2.21
195704,7.57,3.19
195705,4.12,-0.71
195706,8.99,4.16
195707,3.04,-2.41
195708,2.91,-2.35
195709,9.41,4.91
195710,3.04,-0.91
195711,6.73,2.98
195712,4.84,0.91
195801,3.71,-0.28
195802,3.83,0.02
195803,3.85,-0.94
195804,5.91,1.53
195805,5.21,0.38
195806,3.54,-1.29
195807,6.00,0.55
195808,6.03,0.77
195809,1.64,-2.86
195810,2.44,-1.51
195811,2.54,-1.21
195812,4.63,0.70
195901,3.40,-0.59
195902,2.59,-1.22
195903,4.43,-0.36
195904,5.99,1.61
195905,4.05,-0.78
195906,2.81,-2.02
195907,5.86,0.41
195908,5.24,-0.02
195909,8.53,4.03
195910,6.00,2.05
195911,2.95,-0.80
195912,4.12,0.19
196001,3.92,-0.07
196002,6.16,2.35
196003,5.17,0.38
196004,3.16,-1.22
196005,4.28,-0.55
196006,4.17,-0.66
196007,5.66,0.21
196008,5.83,0.57
196009,3.85,-0.65
196010,4.10,0.15
196011,1.66,-2.09
196012,2.09,-1.84
196101,3.26,-0.73
196102,5.61,1.80
196103,4.72,-0.07
196104,4.45,0.07
196105,3.99,-0.84
196106,6.47,1.64
196107,4.44,-1.01
196108,8.59,3.33
196109,2.10,-2.40
196110,3.10,-0.85
196111,4.90,1.15
196112,7.20,3.27
196201,5.30,1.31
196202,4.70,0.89
196203,4.69,-0.10
196204,4.19,-0.19
196205,3.23,-1.60
196206,6.30,1.47
196207,3.59,-1.86
196208,3.00,-2.26
196209,4.88,0.38
196210,2.93,-1.02
196211,5.08,1.33
196212,3.63,-0.30
196301,2.18,-1.81
196302,1.78,-2.03
196303,8.31,3.52
196304,2.63,-1.75
196305,4.60,-0.23
196306,3.33,-1.50
196307,3.96,-1.49
196308,1.94,-3.32
196309,3.15,-1.35
196310,0.20,-3.75
196311,5.08,1.33
196312,1.80,-2.13
196401,5.00,1.01
196402,4.66,0.85
196403,4.43,-0.36
196404,5.18,0.80
196405,2.64,-2.19
196406,2.29,-2.54
196407,6.73,1.28
196408,6.89,1.63
196409,5.21,0.71
196410,7.53,3.58
196411,3.59,-0.16
196412,3.39,-0.54
196501,2.98,-1.01
196502,4.54,0.73
196503,5.84,1.05
196504,4.34,-0.04
196505,4.14,-0.69
196506,4.71,-0.12
196507,4.94,-0.51
196508,3.74,-1.52
196509,3.23,-1.27
196510,4.46,0.51
196511,1.42,-2.33
196512,0.43,-3.50
196601,3.78,-0.21
196602,7.17,3.36
196603,2.09,-2.70
196604,5.08,0.70
196605,4.06,-0.77
196606,2.80,-2.03
196607,5.22,-0.23
196608,6.66,1.40
196609,7.44,2.94
196610,4.57,0.62
196611,4.81,1.06
196612,3.78,-0.15
196701,2.46,-1.53
196702,2.91,-0.90
196703,3.77,-1.02
196704,2.41,-1.97
196705,5.45,0.62
196706,3.48,-1.35
196707,6.58,1.13
196708,6.78,1.52
196709,4.63,0.13
196710,3.44,-0.51
196711,2.73,-1.02
196712,5.01,1.08
196801,4.23,0.24
196802,0.46,-3.35
196803,4.57,-0.22
196804,4.27,-0.11
196805,4.25,-0.58
196806,4.18,-0.65
196807,4.24,-1.21
196808,3.45,-1.81
196809,2.59,-1.91
196810,7.29,3.34
196811,3.25,-0.50
196812,2.93,-1.00
196901,2.87,-1.12
196902,4.69,0.88
196903,4.28,-0.51
196904,4.47,0.09
196905,3.29,-1.54
196906,7.42,2.59
196907,4.81,-0.64
196908,5.53,0.27
196909,4.94,0.44
196910,3.36,-0.59
196911,4.67,0.92
196912,5.64,1.71
197001,1.87,-2.12
197002,3.03,-0.78
197003,3.31,-1.48
197004,4.87,0.49
197005,2.70,-2.13
197006,3.49,-1.34
197007,4.86,-0.59
197008,9.28,4.02
197009,2.03,-2.47
197010,7.20,3.25
197011,3.26,-0.49
197012,1.99,-1.94
197101,3.24,-0.75
197102,5.29,1.48
197103,3.42,-1.37
197104,3.12,-1.26
197105,6.53,1.70
197106,3.41,-1.42
197107,7.72,2.27
197108,4.30,-0.96
197109,5.17,0.67
197110,7.40,3.45
197111,3.62,-0.13
197112,2.95,-0.98
197201,4.06,0.07
197202,3.64,-0.17
197203,4.37,-0.42
197204,3.31,-1.07
197205,7.27,2.44
197206,7.51,2.68
197207,4.05,-1.40
197208,2.25,-3.01
197209,4.44,-0.06
197210,3.48,-0.47
197211,4.37,0.62
197212,4.86,0.93
197301,3.73,-0.26
197302,4.06,0.25
197303,9.08,4.29
197304,5.65,1.27
197305,7.79,2.96
197306,4.46,-0.37
197307,4.50,-0.95
197308,4.76,-0.50
197309,3.71,-0.79
197310,3.49,-0.46
197311,3.68,-0.07
197312,7.24,3.31
197401,4.76,0.77
197402,4.07,0.26
197403,4.64,-0.15
197404,5.54,1.16
197405,5.66,0.83
197406,7.69,2.86
197407,3.96,-1.49
197408,6.43,1.17
197409,7.00,2.50
197410,1.78,-2.17
197411,2.88,-0.87
197412,3.94,0.01
197501,3.96,-0.03
197502,4.51,0.70
197503,9.46,4.67
197504,1.25,-3.13
197505,8.28,3.45
197506,5.98,1.15
197507,4.29,-1.16
197508,3.05,-2.21
197509,8.36,3.86
197510,5.47,1.52
197511,3.64,-0.11
197512,2.93,-1.00
197601,4.23,0.24
197602,2.59,-1.22
197603,3.38,-1.41
197604,1.18,-3.20
197605,7.85,3.02
197606,9.42,4.59
197607,2.49,-2.96
197608,2.62,-2.64
197609,5.12,0.62
197610,9.31,5.36
197611,1.83,-1.92
197612,4.29,0.36
197701,2.86,-1.13
197702,2.02,-1.79
197703,7.35,2.56
197704,5.48,1.10
197705,4.49,-0.34
197706,6.28,1.45
197707,2.39,-3.06
197708,5.02,-0.24
197709,6.06,1.56
197710,5.97,2.02
197711,11.53,7.78
197712,3.19,-0.74
197801,6.53,2.54
197802,0.85,-2.96
197803,5.87,1.08
197804,3.27,-1.11
197805,4.75,-0.08
197806,2.32,-2.51
197807,2.78,-2.67
197808,8.25,2.99
197809,2.19,-2.31
197810,0.71,-3.24
197811,3.08,-0.67
197812,4.16,0.23
197901,6.42,2.43
197902,5.01,1.20
197903,10.11,5.32
197904,5.74,1.36
197905,5.27,0.44
197906,5.16,0.33
197907,6.28,0.83
197908,2.98,-2.28
197909,14.79,10.29
197910,2.88,-1.07
197911,8.27,4.52
197912,1.60,-2.33
198001,3.91,-0.08
198002,1.16,-2.65
198003,6.92,2.13
198004,7.43,3.05
198005,4.19,-0.64
198006,3.91,-0.92
198007,5.36,-0.09
198008,2.69,-2.57
198009,3.75,-0.75
198010,3.39,-0.56
198011,2.37,-1.38
198012,1.00,-2.93
198101,1.05,-2.94
198102,5.27,1.46
198103,3.95,-0.84
198104,2.78,-1.60
198105,7.72,2.89
198106,3.73,-1.10
198107,3.81,-1.64
198108,1.10,-4.16
198109,3.51,-0.99
198110,2.76,-1.19
198111,1.12,-2.63
198112,3.90,-0.03
198201,5.06,1.07
198202,6.48,2.67
198203,2.63,-2.16
198204,3.97,-0.41
198205,4.94,0.11
198206,4.21,-0.62
198207,4.89,-0.56
198208,4.07,-1.19
198209,3.30,-1.20
198210,3.45,-0.50
198211,4.66,0.91
198212,5.34,1.41
198301,3.75,-0.24
198302,5.68,1.87
198303,7.97,3.18
198304,7.26,2.88
198305,5.41,0.58
198306,4.88,0.05
198307,1.91,-3.54
198308,2.56,-2.70
198309,2.96,-1.54
198310,6.02,2.07
198311,4.47,0.72
198312,6.43,2.50
198401,1.87,-2.12
198402,6.72,2.91
198403,3.91,-0.88
198404,4.73,0.35
198405,7.66,2.83
198406,3.99,-0.84
198407,6.42,0.97
198408,3.59,-1.67
198409,0.48,-4.02
198410,2.97,-0.98
198411,4.08,0.33
198412,1.20,-2.73
198501,2.93,-1.06
198502,3.95,0.14
198503,1.48,-3.31
198504,3.78,-0.60
198505,4.10,-0.73
198506,3.86,-0.97
198507,5.40,-0.05
198508,7.45,2.19
198509,0.99,-3.51
198510,3.19,-0.76
198511,9.49,5.74
198512,1.10,-2.83
198601,2.05,-1.94
198602,2.78,-1.03
198603,2.71,-2.08
198604,0.74,-3.64
198605,4.99,0.16
198606,1.19,-3.64
198607,3.98,-1.47
198608,5.27,0.01
198609,4.00,-0.50
198610,3.54,-0.41
198611,4.23,0.48
198612,5.52,1.59
198701,4.11,0.12
198702,4.65,0.84
198703,5.01,0.22
198704,8.63,4.25
198705,3.13,-1.70
198706,4.56,-0.27
198707,3.31,-2.14
198708,1.76,-3.50
198709,6.01,1.51
198710,1.20,-2.75
198711,4.78,1.03
198712,3.30,-0.63
198801,2.47,-1.52
198802,1.84,-1.97
198803,1.35,-3.44
198804,4.51,0.13
198805,2.45,-2.38
198806,2.19,-2.64
198807,4.94,-0.51
198808,3.73,-1.53
198809,4.33,-0.17
198810,2.03,-1.92
198811,4.78,1.03
198812,1.41,-2.52
198901,2.54,-1.45
198902,4.21,0.40
198903,3.41,-1.38
198904,3.33,-1.05
198905,4.81,-0.02
198906,7.53,2.70
198907,9.16,3.71
198908,4.58,-0.68
198909,9.43,4.93
198910,4.56,0.61
198911,4.19,0.44
198912,2.83,-1.10
199001,4.47,0.48
199002,5.69,1.88
199003,5.84,1.05
199004,2.62,-1.76
199005,5.78,0.95
199006,1.59,-3.24
199007,5.59,0.14
199008,6.16,0.90
199009,1.84,-2.66
199010,12.35,8.40
199011,1.82,-1.93
199012,4.57,0.64
199101,3.33,-0.66
199102,3.13,-0.68
199103,7.37,2.58
199104,5.91,1.53
199105,5.15,0.32
199106,4.58,-0.25
199107,4.46,-0.99
199108,3.60,-1.66
199109,2.51,-1.99
199110,0.61,-3.34
199111,4.06,0.31
199112,4.67,0.74
199201,4.05,0.06
199202,3.34,-0.47
199203,3.91,-0.88
199204,5.95,1.57
199205,6.63,1.80
199206,8.21,3.38
199207,4.98,-0.47
199208,6.37,1.11
199209,3.71,-0.79
199210,5.40,1.45
199211,8.72,4.97
199212,3.80,-0.13
199301,3.84,-0.15
199302,3.44,-0.37
199303,8.02,3.23
199304,3.90,-0.48
199305,4.96,0.13
199306,1.54,-3.29
199307,2.55,-2.90
199308,3.51,-1.75
199309,3.57,-0.93
199310,2.04,-1.91
199311,3.01,-0.74
199312,5.08,1.15
199401,5.08,1.09
199402,4.85,1.04
199403,7.40,2.61
199404,4.23,-0.15
199405,2.84,-1.99
199406,4.97,0.14
199407,6.07,0.62
199408,10.11,4.85
199409,2.87,-1.63
199410,3.38,-0.57
199411,2.59,-1.16
199412,2.64,-1.29
199501,8.96,4.97
199502,3.88,0.07
199503,3.66,-1.13
199504,1.09,-3.29
199505,5.31,0.48
199506,8.69,3.86
199507,3.53,-1.92
199508,5.51,0.25
199509,3.31,-1.19
199510,7.13,3.18
199511,4.11,0.36
199512,1.32,-2.61
199601,7.73,3.74
199602,3.44,-0.37
199603,4.06,-0.73
199604,2.85,-1.53
199605,4.45,-0.38
199606,4.21,-0.62
199607,5.10,-0.35
199608,9.78,4.52
199609,5.74,1.24
199610,1.54,-2.41
199611,6.25,2.50
199612,5.35,1.42
199701,2.67,-1.32
199702,3.84,0.03
199703,6.89,2.10
199704,5.15,0.77
199705,3.00,-1.83
199706,5.75,0.92
199707,6.05,0.60
199708,1.15,-4.11
199709,4.99,0.49
199710,2.57,-1.38
199711,2.14,-1.61
199712,2.95,-0.98
199801,7.68,3.69
199802,7.47,3.66
199803,5.52,0.73
199804,8.67,4.29
199805,6.51,1.68
199806,5.89,1.06
199807,3.10,-2.35
199808,4.15,-1.11
199809,1.90,-2.60
199810,2.46,-1.49
199811,1.84,-1.91
199812,4.14,0.21
199901,5.58,1.59
199902,3.69,-0.12
199903,2.60,-2.19
199904,3.88,-0.50
199905,2.83,-2.00
199906,4.81,-0.02
199907,5.76,0.31
199908,4.15,-1.11
199909,4.12,-0.38
199910,2.23,-1.72
199911,5.46,1.71
199912,2.39,-1.54
200001,3.93,-0.06
200002,2.33,-1.48
200003,4.23,-0.56
200004,6.43,2.05
200005,2.25,-2.58
200006,5.73,0.90
200007,4.33,-1.12
200008,4.19,-1.07
200009,3.96,-0.54
200010,0.15,-3.80
200011,3.22,-0.53
200012,1.64,-2.29
200101,2.93,-1.06
200102,2.49,-1.32
200103,5.60,0.81
200104,1.31,-3.07
200105,4.64,-0.19
200106,4.97,0.14
200107,8.25,2.80
200108,3.84,-1.42
200109,3.31,-1.19
200110,1.78,-2.17
200111,2.06,-1.69
200112,2.90,-1.03
200201,3.33,-0.66
200202,0.97,-2.84
200203,5.15,0.36
200204,2.12,-2.26
200205,3.07,-1.76
200206,3.80,-1.03
200207,4.32,-1.13
200208,2.18,-3.08
200209,6.89,2.39
200210,4.79,0.84
200211,5.40,1.65
200212,4.69,0.76
200301,2.48,-1.51
200302,5.01,1.20
200303,4.84,0.05
200304,6.77,2.39
200305,5.85,1.02
200306,6.73,1.90
200307,6.86,1.41
200308,7.30,2.04
200309,4.85,0.35
200310,2.21,-1.74
200311,7.77,4.02
200312,4.14,0.21
200401,2.04,-1.95
200402,3.86,0.05
200403,2.34,-2.45
200404,4.05,-0.33
200405,4.62,-0.21
200406,6.41,1.58
200407,4.58,-0.87
200408,3.11,-2.15
200409,19.70,15.20
200410,3.72,-0.23
200411,4.20,0.45
200412,3.88,-0.05
200501,3.42,-0.57
200502,2.67,-1.14
200503,4.15,-0.64
200504,5.14,0.76
200505,1.80,-3.03
200506,5.30,0.47
200507,7.24,1.79
200508,5.45,0.19
200509,0.72,-3.78
200510,4.77,0.82
200511,6.10,2.35
200512,3.69,-0.24
200601,4.02,0.03
200602,2.46,-1.35
200603,1.59,-3.20
200604,5.40,1.02
200605,3.04,-1.79
200606,7.13,2.30
200607,3.80,-1.65
200608,4.97,-0.29
200609,6.86,2.36
200610,4.08,0.13
200611,5.89,2.14
200612,3.59,-0.34
200701,4.08,0.09
200702,1.61,-2.20
200703,4.68,-0.11
200704,2.76,-1.62
200705,1.89,-2.94
200706,4.41,-0.42
200707,4.25,-1.20
200708,2.07,-3.19
200709,2.31,-2.19
200710,6.21,2.26
200711,1.13,-2.62
200712,3.78,-0.15
200801,1.64,-2.35
200802,3.65,-0.16
200803,5.56,0.77
200804,3.51,-0.87
200805,2.61,-2.22
200806,3.83,-1.00
200807,5.62,0.17
200808,6.96,1.70
200809,4.72,0.22
200810,2.50,-1.45
200811,2.58,-1.17
200812,4.32,0.39
200901,3.81,-0.18
200902,1.87,-1.94
200903,4.25,-0.54
200904,4.22,-0.16
200905,9.97,5.14
200906,5.60,0.77
200907,4.52,-0.93
200908,6.45,1.19
200909,6.80,2.30
200910,5.36,1.41
200911,5.23,1.48
200912,8.21,4.28
201001,6.60,2.61
201002,3.74,-0.07
201003,5.48,0.69
201004,2.77,-1.61
201005,4.36,-0.47
201006,2.19,-2.64
201007,4.44,-1.01
201008,6.05,0.79
201009,2.98,-1.52
201010,2.07,-1.88
201011,1.92,-1.83
201012,5.64,1.71
201101,2.30,-1.69
201102,2.52,-1.29
201103,8.37,3.58
201104,7.55,3.17
201105,5.61,0.78
201106,4.19,-0.64
201107,5.10,-0.35
201108,2.20,-3.06
201109,8.29,3.79
201110,3.66,-0.29
201111,6.54,2.79
201112,5.15,1.22
201201,4.69,0.70
201202,2.10,-1.71
201203,4.08,-0.71
201204,5.66,1.28
201205,6.31,1.48
201206,3.46,-1.37
201207,5.11,-0.34
201208,3.35,-1.91
201209,6.30,1.80
201210,3.48,-0.47
201211,0.89,-2.86
201212,4.22,0.29
201301,10.71,6.72
201302,3.04,-0.77
201303,4.32,-0.47
201304,5.45,1.07
201305,9.83,5.00
201306,6.53,1.70
201307,18.18,12.73
201308,4.76,-0.50
201309,2.31,-2.19
201310,2.01,-1.94
201311,3.29,-0.46
201312,4.97,1.04
201401,2.58,-1.41
201402,2.93,-0.88
201403,2.93,-1.86
201404,3.78,-0.60
201405,4.67,-0.16
201406,3.73,-1.10
201407,4.96,-0.49
201408,3.92,-1.34
201409,5.11,0.61
201410,6.24,2.29
201411,4.11,0.36
201412,2.97,-0.96
201501,2.01,-1.98
201502,2.63,-1.18
201503,2.42,-2.37
201504,7.33,2.95
201505,3.17,-1.66
201506,4.24,-0.59
201507,5.50,0.05
201508,4.93,-0.33
201509,9.50,5.00
201510,8.22,4.27
201511,8.38,4.63
201512,8.47,4.54
201601,2.87,-1.12
201602,6.21,2.40
201603,1.43,-3.36
201604,2.52,-1.86
201605,5.21,0.38
201606,4.53,-0.30
201607,3.35,-2.10
201608,6.43,1.17
201609,2.82,-1.68
201610,1.93,-2.02
201611,1.80,-1.95
201612,4.55,0.62
201701,5.41,1.42
201702,1.51,-2.30
201703,5.01,0.22
201704,6.74,2.36
201705,11.83,7.00
201706,2.81,-2.02
201707,4.98,-0.47
201708,4.29,-0.97
201709,5.06,0.56
201710,11.18,7.23
201711,1.70,-2.05
201712,1.54,-2.39
201801,4.35,0.36
201802,4.33,0.52
201803,4.11,-0.68
201804,8.81,4.43
201805,10.40,5.57
201806,3.90,-0.93
201807,4.14,-1.31
201808,9.12,3.86
201809,9.08,4.58
201810,9.50,5.55
201811,5.83,2.08
201812,7.76,3.83
201901,4.28,0.29
201902,5.39,1.58
201903,2.46,-2.33
201904,7.28,2.90
201905,3.01,-1.82
201906,11.02,6.19
201907,5.04,-0.41
201908,3.35,-1.91
201909,0.85,-3.65
201910,7.48,3.53
201911,3.23,-0.52
201912,5.63,1.70
202001,5.69,1.70
202002,7.70,3.89
202003,3.84,-0.95
202004,9.24,4.86
202005,9.62,4.79
202006,3.98,-0.85
202007,4.40,-1.05
202008,8.10,2.84
202009,7.16,2.66
202010,7.01,3.06
202011,4.08,0.33
202012,4.36,0.43
202101,3.20,-0.79
202102,4.34,0.53
202103,5.38,0.59
202104,3.88,-0.50
202105,2.64,-2.19
202106,4.29,-0.54
202107,5.48,0.03
202108,7.90,2.64
202109,3.96,-0.54
202110,6.66,2.71
202111,1.54,-2.21
202112,0.91,-3.02
202201,3.13,-0.86
202202,5.94,2.13
202203,4.21,-0.58
202204,3.02,-1.36
202205,7.77,2.94
202206,1.45,-3.38
202207,5.70,0.25
202208,5.15,-0.11
202209,4.70,0.20
202210,2.99,-0.96
202211,8.50,4.75
202212,3.18,-0.75
202301,4.30,0.31
202302,3.89,0.08
202303,3.68,-1.11
202304,5.34,0.96
202305,4.43,-0.40
202306,5.82,0.99
202307,4.80,-0.65
202308,6.68,1.42
202309,2.71,-1.79
202310,0.98,-2.97
202311,1.51,-2.24
202312,7.81,3.88
202401,8.12,4.13
202402,2.76,-1.05
202403,5.17,0.38
202404,3.93,-0.45
202405,7.50,2.67
202406,1.58,-3.25
202407,5.99,0.54
202408,2.90,-2.36
